aggregation_level,weighting,pair,seed,task,n_pairs,n_seeds,n_tasks,n_unique_samples,n_repeated_observations,bootstrap_samples,bootstrap_confidence,bootstrap_level,receiver_correct_fused_correct_rate,receiver_correct_fused_correct_rate_ci_low,receiver_correct_fused_correct_rate_ci_high,beneficial_transfer_rate,beneficial_transfer_rate_ci_low,beneficial_transfer_rate_ci_high,harmful_transfer_rate,harmful_transfer_rate_ci_low,harmful_transfer_rate_ci_high,receiver_wrong_fused_wrong_rate,receiver_wrong_fused_wrong_rate_ci_low,receiver_wrong_fused_wrong_rate_ci_high,receiver_accuracy,receiver_accuracy_ci_low,receiver_accuracy_ci_high,fused_accuracy,fused_accuracy_ci_low,fused_accuracy_ci_high,oracle_accuracy,oracle_accuracy_ci_low,oracle_accuracy_ci_high,best_fixed_accuracy,best_fixed_accuracy_ci_low,best_fixed_accuracy_ci_high,oracle_headroom_over_fused,oracle_headroom_over_fused_ci_low,oracle_headroom_over_fused_ci_high,oracle_headroom_over_receiver,oracle_headroom_over_receiver_ci_low,oracle_headroom_over_receiver_ci_high,oracle_headroom_over_best_fixed,oracle_headroom_over_best_fixed_ci_low,oracle_headroom_over_best_fixed_ci_high,fused_minus_receiver,fused_minus_receiver_ci_low,fused_minus_receiver_ci_high,mean_transfer_utility,mean_transfer_utility_ci_low,mean_transfer_utility_ci_high,best_fixed_policy
pair_seed_task,single_task,tinyllama,42,ai2-arc,1,1,1,1150,1150,10000,0.95,synchronous_task_stratified_paired_examples,0.3026086956521739,0.27652173913043476,0.32956521739130434,0.24521739130434783,0.22,0.27043478260869563,0.09913043478260869,0.08260869565217391,0.11654347826086925,0.35304347826086957,0.32608695652173914,0.38,0.4017391304347826,0.3739130434782609,0.4304347826086956,0.5478260869565217,0.5191304347826087,0.5765217391304348,0.6469565217391304,0.62,0.673913043478261,0.5478260869565217,0.5191304347826087,0.5765217391304348,0.09913043478260875,0.08260869565217388,0.1165434782608693,0.24521739130434783,0.22000000000000008,0.2704347826086957,0.09913043478260875,0.08260869565217388,0.1165434782608693,0.1460869565217391,0.11304347826086952,0.18,0.14608695652173914,0.11304347826086955,0.18,fused
pair_seed_task,single_task,tinyllama,42,openbookqa,1,1,1,500,500,10000,0.95,synchronous_task_stratified_paired_examples,0.294,0.254,0.336,0.212,0.176,0.248,0.102,0.076,0.13,0.392,0.35,0.436,0.39599999999999996,0.354,0.44,0.506,0.462,0.55,0.608,0.5640000000000001,0.65,0.506,0.462,0.55,0.10199999999999998,0.07599999999999996,0.13,0.21200000000000002,0.176,0.248,0.10199999999999998,0.07599999999999996,0.13,0.11000000000000004,0.06000000000000005,0.15800000000000003,0.11,0.06000000000000001,0.158,fused
pair_seed_task,single_task,tinyllama,42,mmlu-redux,1,1,1,5615,5615,10000,0.95,synchronous_task_stratified_paired_examples,0.24167408726625111,0.23045414069456813,0.25289848619768474,0.22867319679430098,0.2176313446126447,0.23971504897595725,0.10863757791629564,0.1006233303650935,0.11665182546749778,0.42101513802315227,0.40819234194122883,0.43365983971504896,0.35031166518254675,0.33784505788067676,0.36313446126447013,0.4703472840605521,0.45734639358860196,0.4835262689225289,0.5789848619768477,0.5663401602849509,0.5918076580587712,0.4703472840605521,0.45734639358860196,0.4835262689225289,0.10863757791629564,0.10062333036509352,0.1166518254674978,0.22867319679430098,0.21763134461264466,0.23971504897595725,0.10863757791629564,0.10062333036509352,0.1166518254674978,0.12003561887800535,0.10525378450578804,0.1349955476402493,0.12003561887800535,0.10525378450578807,0.13499554764024932,fused
pair_seed,task_macro,tinyllama,42,__all__,1,1,3,7265,7265,10000,0.95,synchronous_task_stratified_paired_examples,0.27942759430614167,0.26316322996115477,0.2963977441377263,0.2286301960328829,0.21331870507310904,0.24392017693290488,0.1032560042329681,0.09242897389239484,0.11443601378295713,0.38868620542800725,0.37145924348600406,0.4063186973298747,0.38268359853910977,0.3650818156594009,0.40074884754862106,0.5080577903390245,0.49000710054589797,0.525951964845716,0.6113137945719926,0.5936813026701253,0.6285407565139959,0.5080577903390245,0.49000710054589797,0.525951964845716,0.1032560042329681,0.09242897389239481,0.11443601378295709,0.22863019603288287,0.21331870507310904,0.24392017693290477,0.1032560042329681,0.09242897389239481,0.11443601378295709,0.12537419179991477,0.10444453392181914,0.14545237975402325,0.1253741917999148,0.10444453392181915,0.14545237975402325,fused
pair_seed,sample_weighted,tinyllama,42,__all__,1,1,3,7265,7265,10000,0.95,synchronous_task_stratified_paired_examples,0.25492085340674464,0.24501032346868545,0.26510667584308323,0.23014452856159667,0.22037164487267724,0.2397832071576049,0.10667584308327596,0.09951823812801101,0.11383344803854095,0.40825877494838264,0.3969717825189264,0.41954576737783894,0.3615966964900206,0.35058499655884373,0.3727460426703372,0.4850653819683413,0.4735030970406056,0.49662766689607707,0.5917412250516173,0.580454232622161,0.6030282174810736,0.4850653819683413,0.4735030970406056,0.49662766689607707,0.10667584308327599,0.09951823812801103,0.11383344803854095,0.23014452856159673,0.22037164487267724,0.23978320715760496,0.10667584308327599,0.09951823812801103,0.11383344803854095,0.12346868547832074,0.11025464556090847,0.1364074328974535,0.12346868547832071,0.11025464556090847,0.13640743289745352,fused
pair_seed_task,single_task,tinyllama,43,ai2-arc,1,1,1,1150,1150,10000,0.95,synchronous_task_stratified_paired_examples,0.3278260869565217,0.3008695652173913,0.3556521739130435,0.20173913043478262,0.1782608695652174,0.22608695652173913,0.07391304347826087,0.059130434782608696,0.08956521739130435,0.39652173913043476,0.36869565217391304,0.42434782608695654,0.4017391304347826,0.3739130434782609,0.4304347826086956,0.5295652173913044,0.5008695652173913,0.5591304347826087,0.6034782608695652,0.5756521739130436,0.631304347826087,0.5295652173913044,0.5008695652173913,0.5591304347826087,0.07391304347826089,0.05913043478260871,0.08956521739130441,0.20173913043478264,0.17826086956521736,0.22608695652173905,0.07391304347826089,0.05913043478260871,0.08956521739130441,0.12782608695652176,0.09823913043478276,0.15741304347826063,0.12782608695652176,0.09823913043478279,0.15741304347826057,fused
pair_seed_task,single_task,tinyllama,43,openbookqa,1,1,1,500,500,10000,0.95,synchronous_task_stratified_paired_examples,0.308,0.268,0.35,0.162,0.13,0.194,0.088,0.064,0.114,0.442,0.398,0.486,0.396,0.354,0.44,0.47,0.42600000000000005,0.514,0.5579999999999999,0.514,0.602,0.47,0.42600000000000005,0.514,0.08799999999999997,0.06400000000000006,0.11399999999999999,0.16199999999999992,0.13,0.194,0.08799999999999997,0.06400000000000006,0.11399999999999999,0.07399999999999995,0.030000000000000027,0.11599999999999999,0.07400000000000001,0.030000000000000013,0.116,fused
pair_seed_task,single_task,tinyllama,43,mmlu-redux,1,1,1,5615,5615,10000,0.95,synchronous_task_stratified_paired_examples,0.2808548530721282,0.2692787177203918,0.29260908281389136,0.16544968833481746,0.1558325912733749,0.17524487978628672,0.06945681211041853,0.0628673196794301,0.07604630454140694,0.4842386464826358,0.4712333036509351,0.49741763134461264,0.35031166518254675,0.33784505788067676,0.36313446126447013,0.44630454140694564,0.43330365093499557,0.4596616206589492,0.5157613535173642,0.5025823686553874,0.5287666963490649,0.44630454140694564,0.43330365093499557,0.4596616206589492,0.06945681211041854,0.0628673196794301,0.07604630454140693,0.16544968833481744,0.15583259127337484,0.17524487978628667,0.06945681211041854,0.0628673196794301,0.07604630454140693,0.0959928762243989,0.08352626892252896,0.10845948352626889,0.09599287622439893,0.08352626892252894,0.10845948352626891,fused
pair_seed,task_macro,tinyllama,43,__all__,1,1,3,7265,7265,10000,0.95,synchronous_task_stratified_paired_examples,0.3055603133428833,0.2890317704905339,0.32301164969607804,0.1763962729232,0.16307601016944775,0.19017838927820152,0.07712328519622647,0.06744459457715488,0.08749905661594846,0.44092012853769014,0.4233679255875179,0.45847981274278266,0.38268359853910977,0.36508181565940095,0.400748847548621,0.4819565862660833,0.46423315523894326,0.4998302502355233,0.5590798714623098,0.5415201872572174,0.5766320744124821,0.4819565862660833,0.46423315523894326,0.4998302502355233,0.07712328519622647,0.06744459457715485,0.08749905661594846,0.17639627292319998,0.16307601016944775,0.19017838927820147,0.07712328519622647,0.06744459457715485,0.08749905661594846,0.09927298772697352,0.08100392840089309,0.11706301702221017,0.09927298772697354,0.08100392840089306,0.11706301702221014,fused
pair_seed,sample_weighted,tinyllama,43,__all__,1,1,3,7265,7265,10000,0.95,synchronous_task_stratified_paired_examples,0.29015829318651065,0.27996902959394354,0.3007570543702684,0.170956641431521,0.1624225739848589,0.17962835512732275,0.07143840330350998,0.0655196145905024,0.07749483826565726,0.46744666207845836,0.4560220233998623,0.479008947006194,0.36159669649002063,0.3505849965588438,0.37274604267033723,0.46111493461803166,0.44982794218857536,0.47267721954576736,0.5325533379215417,0.520991052993806,0.5439779766001376,0.46111493461803166,0.44982794218857536,0.47267721954576736,0.07143840330351003,0.06551961459050237,0.07749483826565723,0.17095664143152106,0.16242257398485888,0.17962835512732273,0.07143840330351003,0.06551961459050237,0.07749483826565723,0.09951823812801103,0.08850309704060562,0.11052993805918787,0.09951823812801103,0.08850309704060563,0.1105299380591879,fused
pair_seed_task,single_task,tinyllama,44,ai2-arc,1,1,1,1150,1150,10000,0.95,synchronous_task_stratified_paired_examples,0.2921739130434783,0.26608695652173914,0.3191304347826087,0.2391304347826087,0.21478260869565216,0.2643478260869565,0.10956521739130434,0.09217391304347826,0.12782608695652173,0.3591304347826087,0.331304347826087,0.3869565217391304,0.4017391304347826,0.3739130434782609,0.4304347826086956,0.531304347826087,0.5026086956521739,0.56,0.6408695652173914,0.6130434782608696,0.6686956521739129,0.531304347826087,0.5026086956521739,0.56,0.10956521739130431,0.09217391304347822,0.12782608695652176,0.23913043478260876,0.21478260869565213,0.26434782608695656,0.10956521739130431,0.09217391304347822,0.12782608695652176,0.12956521739130444,0.09652173913043477,0.1634782608695653,0.12956521739130436,0.09652173913043477,0.16347826086956524,fused
pair_seed_task,single_task,tinyllama,44,openbookqa,1,1,1,500,500,10000,0.95,synchronous_task_stratified_paired_examples,0.234,0.198,0.272,0.24,0.204,0.276,0.162,0.13,0.196,0.364,0.322,0.406,0.396,0.354,0.44,0.474,0.43000000000000005,0.518,0.636,0.5940000000000001,0.678,0.474,0.432,0.518,0.16200000000000003,0.13,0.19599999999999995,0.24,0.2039999999999999,0.276,0.16200000000000003,0.13,0.19599999999999995,0.07799999999999996,0.021999999999999964,0.132,0.07799999999999999,0.021999999999999992,0.132,fused
pair_seed_task,single_task,tinyllama,44,mmlu-redux,1,1,1,5615,5615,10000,0.95,synchronous_task_stratified_paired_examples,0.2390026714158504,0.22796081923419412,0.25022261798753337,0.21531611754229743,0.20445235975066786,0.22617987533392697,0.11130899376669635,0.10293855743544078,0.11967943009795191,0.43437221727515585,0.4213713268032057,0.447373107747106,0.35031166518254675,0.33784505788067676,0.36313446126447013,0.4543187889581478,0.441139804096171,0.46731967943009795,0.5656277827248442,0.5526268922528941,0.5786286731967942,0.4543187889581478,0.441139804096171,0.46731967943009795,0.11130899376669634,0.10293855743544078,0.1196794300979519,0.2153161175422974,0.2044523597506679,0.22617987533392692,0.11130899376669634,0.10293855743544078,0.1196794300979519,0.10400712377560106,0.08940338379341056,0.11861086375779162,0.10400712377560108,0.08940338379341052,0.11861086375779162,fused
pair_seed,task_macro,tinyllama,44,__all__,1,1,3,7265,7265,10000,0.95,synchronous_task_stratified_paired_examples,0.25505886148644286,0.23935768903170854,0.2713668099165021,0.231482184108302,0.21617442538748435,0.2470145992230955,0.1276247370526669,0.11512205273142591,0.14043466775071947,0.38583421735258816,0.3682741330803877,0.4029747202756591,0.3826835985391097,0.3650818156594009,0.40074884754862106,0.48654104559474487,0.4687742608437544,0.5048801063404185,0.6141657826474117,0.5970252797243408,0.6317258669196123,0.48654104559474487,0.4687742608437544,0.5048801063404185,0.12762473705266686,0.11512205273142587,0.14043466775071947,0.231482184108302,0.21617442538748444,0.24701459922309543,0.12762473705266686,0.11512205273142587,0.14043466775071947,0.10385744705563515,0.08144726857408335,0.1260290171254533,0.10385744705563513,0.08144726857408338,0.12602901712545328,fused
pair_seed,sample_weighted,tinyllama,44,__all__,1,1,3,7265,7265,10000,0.95,synchronous_task_stratified_paired_examples,0.24707501720578112,0.23716448726772194,0.25698554714384036,0.22078458362009637,0.21114934618031658,0.2302821748107364,0.1145216792842395,0.1070887818306951,0.12181693048864418,0.417618719889883,0.4063317274604267,0.42890571231933927,0.36159669649002063,0.3505849965588438,0.37274604267033723,0.4678596008258775,0.45643496214728146,0.4795595320027529,0.582381280110117,0.5710942876806607,0.5936682725395732,0.4678596008258775,0.45643496214728146,0.4795595320027529,0.11452167928423951,0.10708878183069515,0.12181693048864423,0.2207845836200964,0.21114934618031667,0.23028217481073643,0.11452167928423951,0.10708878183069515,0.12181693048864423,0.10626290433585689,0.09318651066758432,0.11920165175498965,0.10626290433585688,0.09318651066758432,0.11920165175498965,fused
pair_across_seeds,task_macro,tinyllama,all,__all__,1,3,3,7265,21795,10000,0.95,seeds_with_synchronous_task_stratified_paired_examples,0.2800155897118226,0.2524085244406588,0.3089706903523602,0.21216955102146165,0.1776586149934828,0.24050387613406118,0.10266800882728716,0.07749321821724935,0.12749988707783239,0.40514685043942855,0.37542974692529063,0.44051749712855054,0.38268359853910977,0.3650818156594009,0.400748847548621,0.49218514073328423,0.47167753300553644,0.5136565686287162,0.5948531495605713,0.5594825028714494,0.6245702530747091,0.49218514073328423,0.47167753300553644,0.5136565686287162,0.1026680088272871,0.07749321821724935,0.1274998870778324,0.21216955102146157,0.17765861499348273,0.24050387613406116,0.1026680088272871,0.07749321821724935,0.1274998870778324,0.10950154219417446,0.08671058951824179,0.13279039903467674,0.10950154219417449,0.08671058951824179,0.13279039903467674,fused
pair_across_seeds,sample_weighted,tinyllama,all,__all__,1,3,3,7265,21795,10000,0.95,seeds_with_synchronous_task_stratified_paired_examples,0.26405138793301214,0.24340330350997935,0.2891488873594861,0.20729525120440465,0.17269786648313834,0.2328974535443909,0.09754530855700849,0.07281486579490709,0.1164498738242716,0.4311080523055747,0.40467882541867395,0.46469373709566414,0.36159669649002063,0.3505849965588438,0.3727460426703372,0.4713466391374168,0.4562973158981417,0.48708419362239047,0.5688919476944253,0.5353062629043359,0.5953211745813259,0.4713466391374168,0.4562973158981417,0.48708419362239047,0.09754530855700849,0.07281486579490715,0.11644987382427162,0.20729525120440467,0.17269786648313828,0.23289745354439084,0.09754530855700849,0.07281486579490715,0.11644987382427162,0.10974994264739618,0.09437829777471901,0.12658866712548744,0.10974994264739615,0.09437829777471898,0.12658866712548747,fused
pair_seed_task,single_task,qwen3_1p7b,42,ai2-arc,1,1,1,1150,1150,10000,0.95,synchronous_task_stratified_paired_examples,0.34608695652173915,0.3182608695652174,0.3739130434782609,0.27391304347826084,0.24782608695652175,0.3008695652173913,0.05565217391304348,0.042608695652173914,0.06869565217391305,0.3243478260869565,0.29739130434782607,0.35043478260869565,0.40173913043478265,0.3739130434782609,0.43043478260869567,0.62,0.5921739130434782,0.6478260869565218,0.6756521739130434,0.6495652173913042,0.702608695652174,0.62,0.5921739130434782,0.6478260869565218,0.055652173913043446,0.042608695652173956,0.06869565217391305,0.2739130434782608,0.24782608695652175,0.3008695652173912,0.055652173913043446,0.042608695652173956,0.06869565217391305,0.21826086956521734,0.1878260869565217,0.24956521739130427,0.21826086956521737,0.18782608695652173,0.24956521739130433,fused
pair_seed_task,single_task,qwen3_1p7b,42,openbookqa,1,1,1,500,500,10000,0.95,synchronous_task_stratified_paired_examples,0.338,0.298,0.38,0.21,0.174,0.246,0.058,0.038,0.078,0.394,0.352,0.436,0.396,0.354,0.44,0.548,0.504,0.592,0.6060000000000001,0.5640000000000001,0.6480000000000001,0.548,0.504,0.592,0.05800000000000005,0.038000000000000034,0.07799999999999996,0.21000000000000008,0.1740000000000001,0.24600000000000005,0.05800000000000005,0.038000000000000034,0.07799999999999996,0.15200000000000002,0.10800000000000004,0.19400000000000006,0.152,0.108,0.194,fused
pair_seed_task,single_task,qwen3_1p7b,42,mmlu-redux,1,1,1,5615,5615,10000,0.95,synchronous_task_stratified_paired_examples,0.28370436331255566,0.27212822796081926,0.29528049866429207,0.19536954585930544,0.1848619768477293,0.20569902048085487,0.0666073018699911,0.06001780943900267,0.07319679430097951,0.4543187889581478,0.4414959928762244,0.46732413178984855,0.35031166518254675,0.33784505788067676,0.36313446126447013,0.4790739091718611,0.4660730186999109,0.4918967052537845,0.5456812110418522,0.5326758682101513,0.5585040071237756,0.4790739091718611,0.4660730186999109,0.4918967052537845,0.06660730186999109,0.0600178094390027,0.07319679430097947,0.19536954585930544,0.18486197684772931,0.2056990204808548,0.06660730186999109,0.0600178094390027,0.07319679430097947,0.12876224398931435,0.11576135351736422,0.14176313446126443,0.12876224398931435,0.1157613535173642,0.14176313446126446,fused
pair_seed,task_macro,qwen3_1p7b,42,__all__,1,1,3,7265,7265,10000,0.95,synchronous_task_stratified_paired_examples,0.3225971066114316,0.3056600771742357,0.3399764018480519,0.22642752977918873,0.21109357634183798,0.24164638455482856,0.06008649192767819,0.05204465587776014,0.06876276665763288,0.3908888716817014,0.37327663866196903,0.4086100145830913,0.38268359853910977,0.3650818156594009,0.400748847548621,0.5490246363906204,0.5309498703008246,0.5666868945758643,0.6091111283182986,0.5913899854169086,0.6267233613380309,0.5490246363906204,0.5309498703008246,0.5666868945758643,0.06008649192767823,0.05204465587776017,0.06876276665763291,0.22642752977918884,0.21109357634183792,0.24164638455482856,0.06008649192767823,0.05204465587776017,0.06876276665763291,0.1663410378515106,0.14762592628440896,0.18454895595390186,0.16634103785151055,0.147625926284409,0.18454895595390194,fused
pair_seed,sample_weighted,qwen3_1p7b,42,__all__,1,1,3,7265,7265,10000,0.95,synchronous_task_stratified_paired_examples,0.2973158981417756,0.2869924294562973,0.30777701307639366,0.20880935994494149,0.19944941500344116,0.21803165863730212,0.06428079834824502,0.058637302133516866,0.06992429456297315,0.42959394356503783,0.41830695113558153,0.4410185822436338,0.36159669649002063,0.3505849965588438,0.37274604267033723,0.506125258086717,0.49442532690984164,0.5174122505161735,0.570406056434962,0.5589814177563661,0.5816930488644184,0.506125258086717,0.49442532690984164,0.5174122505161735,0.06428079834824496,0.05863730213351681,0.06992429456297311,0.20880935994494138,0.19944941500344116,0.21803165863730206,0.06428079834824496,0.05863730213351681,0.06992429456297311,0.14452856159669641,0.13296627666896071,0.15609084652443223,0.14452856159669647,0.13296627666896077,0.15609084652443223,fused
pair_seed_task,single_task,qwen3_1p7b,43,ai2-arc,1,1,1,1150,1150,10000,0.95,synchronous_task_stratified_paired_examples,0.3278260869565217,0.3008695652173913,0.3556521739130435,0.27304347826086955,0.24695652173913044,0.2991304347826087,0.07391304347826087,0.059130434782608696,0.08956521739130435,0.32521739130434785,0.2982608695652174,0.35130434782608694,0.4017391304347826,0.3739130434782609,0.4304347826086956,0.6008695652173912,0.5730434782608695,0.6295652173913043,0.6747826086956521,0.648695652173913,0.7017391304347826,0.6008695652173912,0.5730434782608695,0.6295652173913043,0.07391304347826089,0.05913043478260871,0.08956521739130441,0.2730434782608695,0.2469565217391304,0.2991304347826087,0.07391304347826089,0.05913043478260871,0.08956521739130441,0.1991304347826086,0.1669565217391304,0.231304347826087,0.19913043478260867,0.16695652173913042,0.23130434782608697,fused
pair_seed_task,single_task,qwen3_1p7b,43,openbookqa,1,1,1,500,500,10000,0.95,synchronous_task_stratified_paired_examples,0.3,0.26,0.342,0.23,0.192,0.268,0.096,0.07,0.122,0.374,0.332,0.416,0.396,0.354,0.44,0.53,0.486,0.5740000000000001,0.626,0.584,0.668,0.53,0.486,0.5740000000000001,0.09599999999999997,0.07000000000000006,0.122,0.22999999999999998,0.192,0.26799999999999996,0.09599999999999997,0.07000000000000006,0.122,0.134,0.08399999999999996,0.182,0.134,0.08399999999999999,0.182,fused
pair_seed_task,single_task,qwen3_1p7b,43,mmlu-redux,1,1,1,5615,5615,10000,0.95,synchronous_task_stratified_paired_examples,0.2691006233303651,0.2577025823686554,0.2808548530721282,0.2001780943900267,0.18967052537845058,0.21086375779162955,0.08121104185218166,0.07426536064113981,0.08833481745325023,0.44951024042742654,0.4363312555654497,0.4625111308993767,0.35031166518254675,0.33784505788067676,0.36313446126447013,0.4692787177203918,0.456099732858415,0.48227960819234195,0.5504897595725735,0.5374888691006233,0.5636687444345503,0.4692787177203918,0.456099732858415,0.48227960819234195,0.0812110418521817,0.07426536064113981,0.08833481745325028,0.20017809439002676,0.18967052537845053,0.21086375779162958,0.0812110418521817,0.07426536064113981,0.08833481745325028,0.11896705253784506,0.10543187889581479,0.13232413178984864,0.11896705253784505,0.10543187889581478,0.13232413178984864,fused
pair_seed,task_macro,qwen3_1p7b,43,__all__,1,1,3,7265,7265,10000,0.95,synchronous_task_stratified_paired_examples,0.2989755700956289,0.2824462490482274,0.3160656271374553,0.23440719088363204,0.21877138874908048,0.25002334262521453,0.08370802844348084,0.07358246028366047,0.09432937266896381,0.38290921057725813,0.36559643553112137,0.4001709067327422,0.38268359853910977,0.3650818156594009,0.400748847548621,0.533382760979261,0.5155632964239163,0.5513172667673286,0.6170907894227418,0.5998290932672576,0.6344035644688787,0.533382760979261,0.5155632964239163,0.5513172667673286,0.0837080284434808,0.07358246028366047,0.09432937266896378,0.234407190883632,0.21877138874908036,0.2500233426252146,0.0837080284434808,0.07358246028366047,0.09432937266896378,0.1506991624401512,0.12999481461406429,0.170696538774246,0.1506991624401512,0.12999481461406429,0.17069653877424598,fused
pair_seed,sample_weighted,qwen3_1p7b,43,__all__,1,1,3,7265,7265,10000,0.95,synchronous_task_stratified_paired_examples,0.28052305574673086,0.2703372333103923,0.29098417068134896,0.21376462491397108,0.20426703372333102,0.22353750860289054,0.08107364074328974,0.07501720578114246,0.08740536820371644,0.42463867859600823,0.41307639366827253,0.4360633172746043,0.3615966964900206,0.3505849965588438,0.37274604267033723,0.49428768066070194,0.482863041982106,0.5058499655884376,0.5753613214039917,0.5639366827253957,0.5869236063317274,0.49428768066070194,0.482863041982106,0.5058499655884376,0.08107364074328971,0.07501720578114246,0.08740536820371647,0.21376462491397108,0.204267033723331,0.2235375086028905,0.08107364074328971,0.07501720578114246,0.08740536820371647,0.13269098417068137,0.12044046799724711,0.14480385409497593,0.13269098417068134,0.1204404679972471,0.1448038540949759,fused
pair_seed_task,single_task,qwen3_1p7b,44,ai2-arc,1,1,1,1150,1150,10000,0.95,synchronous_task_stratified_paired_examples,0.3408695652173913,0.3130434782608696,0.36869565217391304,0.2582608695652174,0.23217391304347826,0.2843478260869565,0.06086956521739131,0.04695652173913043,0.07478260869565218,0.34,0.31217391304347825,0.36695652173913046,0.4017391304347826,0.3739130434782609,0.4304347826086956,0.5991304347826087,0.571304347826087,0.6278260869565218,0.66,0.6330434782608695,0.6878260869565217,0.5991304347826087,0.571304347826087,0.6278260869565218,0.060869565217391286,0.04695652173913045,0.07478260869565223,0.25826086956521743,0.23217391304347834,0.2843478260869566,0.060869565217391286,0.04695652173913045,0.07478260869565223,0.19739130434782615,0.1669565217391304,0.22869565217391308,0.19739130434782606,0.16695652173913042,0.22869565217391308,fused
pair_seed_task,single_task,qwen3_1p7b,44,openbookqa,1,1,1,500,500,10000,0.95,synchronous_task_stratified_paired_examples,0.33,0.29,0.372,0.22,0.184,0.256,0.066,0.044,0.09,0.384,0.342,0.426,0.396,0.354,0.44,0.55,0.506,0.594,0.6160000000000001,0.5740000000000001,0.658,0.55,0.506,0.594,0.06600000000000006,0.04400000000000004,0.08999999999999997,0.22000000000000008,0.18400000000000005,0.2560000000000001,0.06600000000000006,0.04400000000000004,0.08999999999999997,0.15400000000000003,0.10800000000000004,0.2,0.154,0.108,0.19999999999999998,fused
pair_seed_task,single_task,qwen3_1p7b,44,mmlu-redux,1,1,1,5615,5615,10000,0.95,synchronous_task_stratified_paired_examples,0.2717720391807658,0.2601959038290294,0.2833481745325022,0.21353517364203028,0.20284951024042744,0.22439893143365983,0.07853962600178094,0.07159394479073909,0.0854853072128228,0.43615316117542297,0.42297417631344614,0.4489759572573464,0.35031166518254675,0.33784505788067676,0.36313446126447013,0.4853072128227961,0.47248441674087266,0.49831255565449684,0.563846838824577,0.5510240427426536,0.5770258236865539,0.4853072128227961,0.47248441674087266,0.49831255565449684,0.07853962600178088,0.0715939447907391,0.08548530721282277,0.21353517364203023,0.2028495102404274,0.22439893143365985,0.07853962600178088,0.0715939447907391,0.08548530721282277,0.13499554764024935,0.12110418521816563,0.14853072128227962,0.13499554764024935,0.12110418521816563,0.14853072128227962,fused
pair_seed,task_macro,qwen3_1p7b,44,__all__,1,1,3,7265,7265,10000,0.95,synchronous_task_stratified_paired_examples,0.314213868132719,0.2973035347864803,0.3315322028211184,0.23059868106908255,0.21550416973169695,0.2462253119878173,0.06846973040639075,0.05965608940854594,0.07753007343167241,0.38671772039180763,0.36907442796856244,0.40415034715500664,0.38268359853910977,0.3650818156594009,0.400748847548621,0.5448125492018016,0.5271201143417605,0.5626975841108831,0.6132822796081923,0.5958496528449934,0.6309255720314374,0.5448125492018016,0.5271201143417605,0.5626975841108831,0.0684697304063907,0.059656089408545984,0.07753007343167237,0.2305986810690825,0.21550416973169695,0.24622531198781736,0.0684697304063907,0.059656089408545984,0.07753007343167237,0.16212895066269178,0.14336164582446093,0.18086687702453313,0.16212895066269178,0.1433616458244609,0.18086687702453313,fused
pair_seed,sample_weighted,qwen3_1p7b,44,__all__,1,1,3,7265,7265,10000,0.95,synchronous_task_stratified_paired_examples,0.2867171369580179,0.2763936682725395,0.2971782518926359,0.22105987611837577,0.2115622849277357,0.23069511355815553,0.07487955953200275,0.06896077081899518,0.08093599449415002,0.41734342739160357,0.40578114246386787,0.42849277357192017,0.3615966964900207,0.3505849965588438,0.37274604267033723,0.5077770130763937,0.49649002064693737,0.5193392980041294,0.5826565726083964,0.5715072264280798,0.594218857536132,0.5077770130763937,0.49649002064693737,0.5193392980041294,0.07487955953200276,0.06896077081899521,0.08093599449415001,0.22105987611837574,0.2115622849277357,0.23069511355815553,0.07487955953200276,0.06896077081899521,0.08093599449415001,0.14618031658637298,0.13406744666207848,0.15815554026152784,0.14618031658637304,0.13406744666207848,0.15815554026152787,fused
pair_across_seeds,task_macro,qwen3_1p7b,all,__all__,1,3,3,7265,21795,10000,0.95,seeds_with_synchronous_task_stratified_paired_examples,0.3119288482799265,0.29178096971104833,0.331957762377345,0.2304778005773011,0.21545835774603056,0.24553430360361522,0.07075475025918326,0.057753871617174504,0.08537069766541484,0.38683860088358907,0.36968043478260865,0.4042553079871462,0.38268359853910977,0.3650818156594009,0.400748847548621,0.5424066488572277,0.5237990237072024,0.5604999537556836,0.6131613991164109,0.5957446920128537,0.6303195652173911,0.5424066488572277,0.5237990237072024,0.5604999537556836,0.07075475025918321,0.057753871617174525,0.08537069766541489,0.2304778005773011,0.21545835774603067,0.24553430360361522,0.07075475025918321,0.057753871617174525,0.08537069766541489,0.1597230503181179,0.13956022042407107,0.17864663771557374,0.15972305031811784,0.13956022042407112,0.1786466377155738,fused
pair_across_seeds,sample_weighted,qwen3_1p7b,all,__all__,1,3,3,7265,21795,10000,0.95,seeds_with_synchronous_task_stratified_paired_examples,0.28818536361550817,0.27593255333792155,0.30130763936682725,0.21454462032576277,0.2039917412250516,0.22486808901124108,0.0734113328745125,0.06359256710254646,0.08286304198210598,0.42385868318421654,0.4118375774260151,0.43597270016058726,0.3615966964900207,0.35058499655884373,0.37274604267033723,0.5027299839412709,0.49015714613443445,0.5152110575820142,0.5761413168157834,0.5640272998394128,0.5881624225739849,0.5027299839412709,0.49015714613443445,0.5152110575820142,0.07341133287451251,0.06359256710254646,0.08286304198210592,0.2145446203257627,0.2039917412250516,0.2248680890112411,0.07341133287451251,0.06359256710254646,0.08286304198210592,0.1411332874512502,0.12787336545079148,0.15388965359027296,0.14113328745125026,0.12787336545079148,0.153889653590273,fused
pair_seed_task,single_task,qwen25_0p5b,42,ai2-arc,1,1,1,1150,1150,10000,0.95,synchronous_task_stratified_paired_examples,0.33043478260869563,0.3034782608695652,0.35739130434782607,0.20521739130434782,0.1817391304347826,0.22956521739130434,0.07130434782608695,0.057391304347826085,0.08695652173913043,0.39304347826086955,0.36434782608695654,0.42086956521739133,0.4017391304347826,0.3739130434782609,0.4304347826086956,0.5356521739130434,0.5069565217391304,0.5643478260869565,0.6069565217391304,0.5791304347826087,0.6356521739130434,0.5356521739130434,0.5069565217391304,0.5643478260869565,0.07130434782608697,0.05739130434782613,0.08695652173913038,0.2052173913043478,0.18173913043478257,0.2295652173913043,0.07130434782608697,0.05739130434782613,0.08695652173913038,0.13391304347826083,0.10347826086956519,0.16434782608695647,0.13391304347826088,0.10347826086956521,0.16434782608695653,fused
pair_seed_task,single_task,qwen25_0p5b,42,openbookqa,1,1,1,500,500,10000,0.95,synchronous_task_stratified_paired_examples,0.314,0.274,0.356,0.216,0.18,0.252,0.082,0.058,0.108,0.388,0.346,0.43,0.396,0.354,0.44,0.53,0.486,0.574,0.612,0.57,0.654,0.53,0.486,0.574,0.08199999999999996,0.05800000000000005,0.10799999999999998,0.21599999999999997,0.17999999999999994,0.252,0.08199999999999996,0.05800000000000005,0.10799999999999998,0.134,0.08600000000000008,0.18000000000000005,0.134,0.08600000000000001,0.18,fused
pair_seed_task,single_task,qwen25_0p5b,42,mmlu-redux,1,1,1,5615,5615,10000,0.95,synchronous_task_stratified_paired_examples,0.2817453250222618,0.2701691896705254,0.2933214603739982,0.15903829029385574,0.14924309884238646,0.16847729296527159,0.06856634016028496,0.06197684772929653,0.07533392698130009,0.4906500445235975,0.4776491540516474,0.5036509349955477,0.35031166518254675,0.33784505788067676,0.36313446126447013,0.44078361531611754,0.42760463045414066,0.4537845057880676,0.5093499554764025,0.4963490650044523,0.5223508459483526,0.44078361531611754,0.42760463045414066,0.4537845057880676,0.06856634016028496,0.061976847729296514,0.07533392698130009,0.15903829029385574,0.1492430988423864,0.16847729296527164,0.06856634016028496,0.061976847729296514,0.07533392698130009,0.09047195013357079,0.0778272484416741,0.10276491540516469,0.09047195013357079,0.07782724844167409,0.10276491540516469,fused
pair_seed,task_macro,qwen25_0p5b,42,__all__,1,1,3,7265,7265,10000,0.95,synchronous_task_stratified_paired_examples,0.3087267025436524,0.2922653612864093,0.3261726547678965,0.1934185605327345,0.17833331591105603,0.20781138642611016,0.0739568959954573,0.06439523662033632,0.08382085188483229,0.42389784092815563,0.4061699162440151,0.4415709841650857,0.3826835985391097,0.36508181565940095,0.400748847548621,0.502145263076387,0.48400775613973956,0.5202937337876031,0.5761021590718443,0.5584290158349142,0.5938300837559848,0.502145263076387,0.48400775613973956,0.5202937337876031,0.0739568959954573,0.0643952366203363,0.08382085188483232,0.19341856053273454,0.17833331591105603,0.2078113864261101,0.0739568959954573,0.0643952366203363,0.08382085188483232,0.11946166453727725,0.10017436150580096,0.13836576457986505,0.11946166453727722,0.10017436150580097,0.138365764579865,fused
pair_seed,sample_weighted,qwen25_0p5b,42,__all__,1,1,3,7265,7265,10000,0.95,synchronous_task_stratified_paired_examples,0.29167240192704746,0.2814865794907089,0.3021335168616655,0.17026841018582245,0.16159669649002062,0.17880247763248452,0.06992429456297315,0.06414315209910529,0.07598072952512044,0.4681348933241569,0.4568479008947006,0.47955953200275286,0.36159669649002063,0.3505849965588438,0.37274604267033723,0.4619408121128699,0.45051617343427386,0.47322780454232616,0.5318651066758431,0.5204404679972471,0.5431520991052994,0.4619408121128699,0.45051617343427386,0.47322780454232616,0.06992429456297317,0.06414315209910526,0.07598072952512042,0.17026841018582245,0.16159669649002056,0.17880247763248452,0.06992429456297317,0.06414315209910526,0.07598072952512042,0.10034411562284928,0.08932897453544392,0.11135581555402613,0.1003441156228493,0.08932897453544392,0.11135581555402614,fused
pair_seed_task,single_task,qwen25_0p5b,43,ai2-arc,1,1,1,1150,1150,10000,0.95,synchronous_task_stratified_paired_examples,0.33652173913043476,0.3095652173913043,0.36434782608695654,0.2182608695652174,0.19478260869565217,0.2426086956521739,0.06521739130434782,0.051304347826086956,0.08,0.38,0.3521739130434783,0.40695652173913044,0.4017391304347826,0.3739130434782609,0.4304347826086956,0.5547826086956522,0.5269565217391304,0.5834782608695652,0.62,0.5930434782608696,0.6478260869565218,0.5547826086956522,0.5269565217391304,0.5834782608695652,0.06521739130434778,0.05130434782608695,0.07999999999999996,0.2182608695652174,0.19478260869565217,0.2426086956521739,0.06521739130434778,0.05130434782608695,0.07999999999999996,0.15304347826086961,0.1234782608695652,0.1834782608695652,0.15304347826086956,0.12347826086956522,0.1834782608695652,fused
pair_seed_task,single_task,qwen25_0p5b,43,openbookqa,1,1,1,500,500,10000,0.95,synchronous_task_stratified_paired_examples,0.318,0.278,0.36,0.176,0.142,0.21,0.078,0.054,0.102,0.428,0.384,0.472,0.396,0.354,0.44,0.494,0.45199999999999996,0.538,0.572,0.528,0.616,0.494,0.45199999999999996,0.538,0.07799999999999996,0.05400000000000005,0.10199999999999998,0.17599999999999993,0.14200000000000002,0.20999999999999996,0.07799999999999996,0.05400000000000005,0.10199999999999998,0.09799999999999998,0.05399999999999994,0.14,0.09799999999999999,0.05399999999999999,0.14,fused
pair_seed_task,single_task,qwen25_0p5b,43,mmlu-redux,1,1,1,5615,5615,10000,0.95,synchronous_task_stratified_paired_examples,0.2917186108637578,0.28013802315227077,0.30365093499554763,0.1444345503116652,0.13517364203027604,0.1535173642030276,0.05859305431878896,0.05253784505788068,0.06482635796972396,0.5052537845057881,0.4917186108637578,0.5182591273374888,0.35031166518254675,0.33784505788067676,0.36313446126447013,0.43615316117542297,0.42315227070347283,0.4493321460373998,0.49474621549421194,0.48174087266251114,0.5082813891362422,0.43615316117542297,0.42315227070347283,0.4493321460373998,0.05859305431878897,0.05253784505788067,0.06482635796972397,0.1444345503116652,0.13517364203027604,0.15351736420302764,0.05859305431878897,0.05253784505788067,0.06482635796972397,0.08584149599287622,0.07426536064113981,0.09741763134461268,0.08584149599287623,0.0742653606411398,0.09741763134461265,fused
pair_seed,task_macro,qwen25_0p5b,43,__all__,1,1,3,7265,7265,10000,0.95,synchronous_task_stratified_paired_examples,0.3154134499980642,0.2985928000825945,0.3329174777704647,0.17956513995896084,0.16552496934969735,0.1937956579813388,0.06727014854104559,0.05805634106366229,0.07688556983752112,0.43775126150192933,0.4198160549511531,0.4555375108082646,0.38268359853910977,0.3650818156594009,0.400748847548621,0.49497858995702504,0.47703363725528153,0.5129713435802135,0.5622487384980707,0.5444624891917353,0.5801839450488468,0.49497858995702504,0.47703363725528153,0.5129713435802135,0.06727014854104563,0.05805634106366224,0.07688556983752115,0.1795651399589609,0.1655249693496974,0.19379565798133885,0.06727014854104563,0.05805634106366224,0.07688556983752115,0.11229499141791527,0.09391857989082036,0.13014296462632438,0.11229499141791525,0.09391857989082039,0.13014296462632438,fused
pair_seed,sample_weighted,qwen25_0p5b,43,__all__,1,1,3,7265,7265,10000,0.95,synchronous_task_stratified_paired_examples,0.3006194081211287,0.29029593943565035,0.31121816930488644,0.1582931865106676,0.14989676531314522,0.16655196145905024,0.06097728836889195,0.055471438403303513,0.06662078458362009,0.4801101169993118,0.4686854783207158,0.4916724019270474,0.36159669649002063,0.35058499655884373,0.37274604267033723,0.4589125946317963,0.44748795595320023,0.4701995870612526,0.5198898830006883,0.5083275980729525,0.5313145216792842,0.4589125946317963,0.44748795595320023,0.4701995870612526,0.06097728836889199,0.05547143840330354,0.06662078458362003,0.15829318651066765,0.14989676531314527,0.16655196145905027,0.06097728836889199,0.05547143840330354,0.06662078458362003,0.09731589814177566,0.08685134205092909,0.10777701307639365,0.09731589814177564,0.0868513420509291,0.10777701307639365,fused
pair_seed_task,single_task,qwen25_0p5b,44,ai2-arc,1,1,1,1150,1150,10000,0.95,synchronous_task_stratified_paired_examples,0.35304347826086957,0.32608695652173914,0.3808695652173913,0.08695652173913043,0.07130434782608695,0.10347826086956521,0.04869565217391304,0.036521739130434785,0.06173913043478261,0.5113043478260869,0.4826086956521739,0.54,0.4017391304347826,0.3739130434782609,0.4304347826086956,0.44,0.411304347826087,0.46869565217391307,0.48869565217391303,0.45999999999999996,0.5173913043478261,0.44,0.411304347826087,0.46869565217391307,0.04869565217391303,0.03652173913043477,0.06173913043478263,0.08695652173913043,0.07130434782608697,0.10347826086956524,0.04869565217391303,0.03652173913043477,0.06173913043478263,0.038260869565217404,0.017391304347826098,0.06,0.03826086956521739,0.017391304347826084,0.06,fused
pair_seed_task,single_task,qwen25_0p5b,44,openbookqa,1,1,1,500,500,10000,0.95,synchronous_task_stratified_paired_examples,0.354,0.312,0.396,0.08,0.056,0.104,0.042,0.026,0.06,0.524,0.48,0.568,0.39599999999999996,0.354,0.44,0.434,0.392,0.478,0.476,0.43200000000000005,0.52,0.434,0.392,0.478,0.04199999999999998,0.026000000000000023,0.06000000000000005,0.08000000000000002,0.055999999999999994,0.10399999999999998,0.04199999999999998,0.026000000000000023,0.06,0.038000000000000034,0.006000000000000005,0.068,0.038,0.005999999999999998,0.068,fused
pair_seed_task,single_task,qwen25_0p5b,44,mmlu-redux,1,1,1,5615,5615,10000,0.95,synchronous_task_stratified_paired_examples,0.3132680320569902,0.3011576135351736,0.32555654496883346,0.05983971504897596,0.05378450578806768,0.06607301869991095,0.037043633125556544,0.032056990204808546,0.04203027604630454,0.5898486197684772,0.5768477292965272,0.6026714158504007,0.35031166518254675,0.33784505788067676,0.36313446126447013,0.37310774710596617,0.3606411398040962,0.3857569011576135,0.4101513802315227,0.39732858414959926,0.42315227070347283,0.37310774710596617,0.3606411398040962,0.3857569011576135,0.03704363312555653,0.032056990204808566,0.04203027604630455,0.05983971504897595,0.053784505788067705,0.06607301869991095,0.03704363312555653,0.032056990204808566,0.04203027604630455,0.02279608192341942,0.014959928762243946,0.03098842386464823,0.022796081923419413,0.014959928762243987,0.030988423864648257,fused
pair_seed,task_macro,qwen25_0p5b,44,__all__,1,1,3,7265,7265,10000,0.95,synchronous_task_stratified_paired_examples,0.3401038367726199,0.32292590176416686,0.357802008724044,0.07559874559603547,0.06585233264934763,0.08537263863615831,0.04257976176648986,0.0353812581465278,0.05027377689160762,0.5417176558648547,0.5235403487036535,0.5598812652444927,0.38268359853910977,0.36508181565940095,0.400748847548621,0.41570258236865537,0.39791122898034503,0.4337047130486404,0.45828234413514524,0.4401187347555074,0.47645965129634643,0.41570258236865537,0.39791122898034503,0.4337047130486404,0.042579761766489865,0.0353812581465278,0.05027377689160761,0.07559874559603547,0.06585233264934763,0.08537263863615832,0.042579761766489865,0.0353812581465278,0.05027377689160761,0.0330189838295456,0.0201849290848788,0.045534311561939406,0.03301898382954561,0.020184929084878758,0.0455343115619394,fused
pair_seed,sample_weighted,qwen25_0p5b,44,__all__,1,1,3,7265,7265,10000,0.95,synchronous_task_stratified_paired_examples,0.32236751548520304,0.3116311080523056,0.3332415691672401,0.0655196145905024,0.060013764624913965,0.07130075705437026,0.03922918100481762,0.034686854783207155,0.04377150722642807,0.5728836889194768,0.5614590502408809,0.5841706813489332,0.3615966964900207,0.35058499655884373,0.37274604267033723,0.3878871300757054,0.37660013764624917,0.399036476256022,0.42711631108052306,0.4158293186510667,0.43854094975911906,0.3878871300757054,0.37660013764624917,0.399036476256022,0.03922918100481765,0.034686854783207155,0.043771507226428086,0.06551961459050237,0.06001376462491398,0.07130075705437028,0.03922918100481765,0.034686854783207155,0.043771507226428086,0.026290433585684725,0.018995182381280062,0.0338609772883689,0.02629043358568478,0.018995182381280104,0.03386097728836889,fused
pair_across_seeds,task_macro,qwen25_0p5b,all,__all__,1,3,3,7265,21795,10000,0.95,seeds_with_synchronous_task_stratified_paired_examples,0.32141466310477884,0.299616518254675,0.34446607280361,0.14952748202924362,0.07806118768309524,0.1974943693780892,0.06126893543433092,0.043534721953359924,0.07793777859511916,0.4677889194316466,0.4172653630071281,0.5375430814201091,0.38268359853910977,0.3650818156594009,0.40074884754862095,0.47094214513402244,0.41976218268870896,0.5113243922636485,0.5322110805683533,0.4624569185798908,0.5827346369928719,0.47094214513402244,0.41976218268870896,0.5113243922636485,0.06126893543433087,0.04353472195335995,0.07793777859511919,0.14952748202924354,0.07806118768309521,0.19749436937808926,0.06126893543433087,0.04353472195335995,0.07793777859511919,0.08825854659491267,0.03609144824293106,0.12874807344027597,0.0882585465949127,0.0360914482429311,0.12874807344027597,fused
pair_across_seeds,sample_weighted,qwen25_0p5b,all,__all__,1,3,3,7265,21795,10000,0.95,seeds_with_synchronous_task_stratified_paired_examples,0.30488644184445973,0.28800183528332185,0.32333103922918094,0.13136040376233082,0.06648313833448039,0.1715072264280798,0.05671025464556091,0.04005505849965588,0.07061252580867172,0.5070428997476485,0.46506079376003673,0.5705437026841018,0.36159669649002063,0.3505849965588438,0.37274604267033723,0.43624684560679056,0.39063661390227117,0.46822665749025,0.49295710025235145,0.42945629731589813,0.5349392062399633,0.43624684560679056,0.39063661390227117,0.46822665749025,0.0567102546455609,0.04005505849965585,0.07061252580867172,0.13136040376233082,0.06648313833448039,0.1715072264280798,0.0567102546455609,0.04005505849965585,0.07061252580867172,0.07465014911676993,0.027666896077081893,0.10594172975453081,0.07465014911676991,0.0276668960770819,0.10594172975453084,fused
pair_seed_task,single_task,llama32_1b,42,ai2-arc,1,1,1,1150,1150,10000,0.95,synchronous_task_stratified_paired_examples,0.3017391304347826,0.2756521739130435,0.32869565217391306,0.24434782608695652,0.22,0.27043478260869563,0.1,0.08347826086956522,0.11739130434782609,0.35391304347826086,0.32608695652173914,0.3808695652173913,0.4017391304347826,0.3739130434782609,0.4304347826086956,0.5460869565217391,0.5182608695652173,0.5747826086956522,0.6460869565217391,0.6191304347826087,0.6739130434782609,0.5460869565217391,0.5182608695652173,0.5747826086956522,0.09999999999999998,0.08347826086956522,0.11739130434782608,0.2443478260869565,0.21999999999999997,0.2704347826086956,0.09999999999999998,0.08347826086956522,0.11739130434782608,0.1443478260869565,0.11130434782608695,0.17826086956521736,0.1443478260869565,0.11130434782608695,0.1782608695652174,fused
pair_seed_task,single_task,llama32_1b,42,openbookqa,1,1,1,500,500,10000,0.95,synchronous_task_stratified_paired_examples,0.27,0.232,0.31,0.22,0.184,0.256,0.126,0.098,0.156,0.384,0.342,0.426,0.396,0.354,0.44,0.49,0.44799999999999995,0.534,0.616,0.5740000000000001,0.658,0.49,0.44799999999999995,0.534,0.126,0.09799999999999998,0.15599999999999997,0.21999999999999997,0.184,0.256,0.126,0.09799999999999998,0.15599999999999997,0.09399999999999997,0.04199999999999998,0.14400000000000002,0.094,0.04200000000000001,0.14400000000000002,fused
pair_seed_task,single_task,llama32_1b,42,mmlu-redux,1,1,1,5615,5615,10000,0.95,synchronous_task_stratified_paired_examples,0.25734639358860195,0.24612644701691896,0.26874443455031166,0.18753339269813002,0.1772039180765806,0.19768477292965272,0.09296527159394478,0.08530721282279609,0.1006277827248441,0.46215494211932323,0.4491540516473731,0.47515583259127336,0.35031166518254675,0.33784505788067676,0.36313446126447013,0.44487978628673197,0.4322306322350847,0.45770258236865535,0.5378450578806767,0.5248441674087266,0.5508459483526269,0.44487978628673197,0.4322306322350847,0.45770258236865535,0.09296527159394474,0.08530721282279607,0.10062778272484413,0.18753339269812996,0.17720391807658065,0.1976847729296527,0.09296527159394474,0.08530721282279607,0.10062778272484413,0.09456812110418522,0.08067675868210156,0.1081032947462155,0.09456812110418523,0.08067675868210152,0.1081032947462155,fused
pair_seed,task_macro,llama32_1b,42,__all__,1,1,3,7265,7265,10000,0.95,synchronous_task_stratified_paired_examples,0.2763618413411282,0.26029934053454123,0.2930849761895543,0.21729373959502885,0.20240427813697778,0.23269696400686565,0.10632175719798159,0.09516045014002347,0.11784500432330583,0.40002266186586133,0.3823613819092235,0.4173473995637978,0.38268359853910977,0.3650818156594009,0.400748847548621,0.493655580936157,0.4758649134693561,0.5120763321589428,0.5999773381341387,0.5826526004362022,0.6176386180907765,0.493655580936157,0.4758649134693561,0.5120763321589428,0.10632175719798165,0.09516045014002347,0.11784500432330586,0.2172937395950289,0.2024042781369777,0.23269696400686565,0.10632175719798165,0.09516045014002347,0.11784500432330586,0.11097198239704725,0.08975771161614202,0.13177783950856278,0.11097198239704725,0.08975771161614203,0.13177783950856273,fused
pair_seed,sample_weighted,llama32_1b,42,__all__,1,1,3,7265,7265,10000,0.95,synchronous_task_stratified_paired_examples,0.265244322092223,0.2551961459050241,0.27556779077770127,0.1987611837577426,0.18953888506538197,0.2079834824501032,0.09635237439779766,0.08960770818995181,0.10323468685478321,0.43964211975223677,0.42821748107364077,0.4507914659325533,0.36159669649002063,0.3505849965588438,0.37274604267033723,0.4640055058499656,0.4525808671713695,0.4754301445285616,0.5603578802477632,0.5492085340674466,0.5717825189263592,0.4640055058499656,0.4525808671713695,0.4754301445285616,0.09635237439779765,0.08960770818995178,0.10323468685478321,0.1987611837577426,0.18953888506538197,0.20798348245010317,0.09635237439779765,0.08960770818995178,0.10323468685478321,0.10240880935994495,0.09002064693737094,0.11465932553337921,0.10240880935994494,0.09002064693737095,0.11465932553337922,fused
pair_seed_task,single_task,llama32_1b,43,ai2-arc,1,1,1,1150,1150,10000,0.95,synchronous_task_stratified_paired_examples,0.3,0.27391304347826084,0.32608695652173914,0.24956521739130436,0.22434782608695653,0.2756521739130435,0.10173913043478261,0.08521739130434783,0.12,0.348695652173913,0.3208695652173913,0.37565217391304345,0.4017391304347826,0.3739130434782609,0.4304347826086956,0.5495652173913044,0.5208695652173914,0.5782608695652174,0.6513043478260869,0.6243478260869565,0.6791304347826086,0.5495652173913044,0.5208695652173914,0.5782608695652174,0.10173913043478255,0.0852173913043478,0.12,0.24956521739130433,0.22434782608695658,0.2756521739130434,0.10173913043478255,0.0852173913043478,0.12,0.14782608695652177,0.11391304347826092,0.1808695652173914,0.14782608695652175,0.11391304347826088,0.18086956521739134,fused
pair_seed_task,single_task,llama32_1b,43,openbookqa,1,1,1,500,500,10000,0.95,synchronous_task_stratified_paired_examples,0.282,0.244,0.322,0.232,0.196,0.27,0.114,0.088,0.142,0.372,0.33,0.414,0.39599999999999996,0.354,0.44,0.514,0.47000000000000003,0.558,0.628,0.586,0.67,0.514,0.47000000000000003,0.558,0.11399999999999999,0.08799999999999997,0.14200000000000002,0.23200000000000004,0.196,0.27,0.11399999999999999,0.08799999999999997,0.14200000000000002,0.11800000000000005,0.06600000000000006,0.16800000000000004,0.11800000000000001,0.066,0.168,fused
pair_seed_task,single_task,llama32_1b,43,mmlu-redux,1,1,1,5615,5615,10000,0.95,synchronous_task_stratified_paired_examples,0.24826357969723953,0.23739982190561,0.2594835262689225,0.21157613535173642,0.20089047195013357,0.22226179875333926,0.10204808548530721,0.09421193232413179,0.10988423864648264,0.43811219946571683,0.4251113089937667,0.45111308993766697,0.35031166518254675,0.33784505788067676,0.36313446126447013,0.4598397150489759,0.44701691896705253,0.4730186999109528,0.5618878005342831,0.548886910062333,0.5748886910062333,0.4598397150489759,0.44701691896705253,0.4730186999109528,0.1020480854853072,0.09421193232413183,0.10988423864648267,0.21157613535173636,0.2008904719501336,0.2222617987533393,0.1020480854853072,0.09421193232413183,0.10988423864648267,0.10952804986642917,0.09510240427426536,0.12395369545859303,0.10952804986642921,0.09510240427426538,0.12395369545859304,fused
pair_seed,task_macro,llama32_1b,43,__all__,1,1,3,7265,7265,10000,0.95,synchronous_task_stratified_paired_examples,0.2767545265657465,0.26086593170467304,0.2935278646740744,0.23104711758101357,0.21583164659878432,0.24653025281660151,0.10592907197336326,0.094955169899467,0.11728164143662807,0.3862692838798766,0.3689936770038845,0.40338782569979476,0.38268359853910977,0.3650818156594009,0.40074884754862106,0.5078016441467601,0.49008238801347315,0.5261283699201156,0.6137307161201233,0.5966121743002051,0.6310063229961155,0.5078016441467601,0.49008238801347315,0.5261283699201156,0.10592907197336321,0.09495516989946698,0.11728164143662806,0.23104711758101354,0.21583164659878426,0.24653025281660157,0.10592907197336321,0.09495516989946698,0.11728164143662806,0.12511804560765033,0.10418626092118675,0.14611525868855427,0.1251180456076503,0.10418626092118678,0.1461152586885542,fused
pair_seed,sample_weighted,llama32_1b,43,__all__,1,1,3,7265,7265,10000,0.95,synchronous_task_stratified_paired_examples,0.2587749483826566,0.2488644184445974,0.26896077081899517,0.2189951823812801,0.20949759119064004,0.22849277357192016,0.10282174810736405,0.09593943565037852,0.10984170681348931,0.4194081211286992,0.4079800412938747,0.4306951135581555,0.36159669649002063,0.3505849965588438,0.37274604267033723,0.4777701307639367,0.46620784583620095,0.4894700619408121,0.5805918788713007,0.5693048864418444,0.5920199587061252,0.4777701307639367,0.46620784583620095,0.4894700619408121,0.102821748107364,0.09593943565037855,0.10984170681348931,0.21899518238128007,0.20949759119064004,0.22849277357192022,0.102821748107364,0.09593943565037855,0.10984170681348931,0.11617343427391608,0.10323468685478321,0.12897453544390913,0.11617343427391605,0.1032346868547832,0.12897453544390913,fused
pair_seed_task,single_task,llama32_1b,44,ai2-arc,1,1,1,1150,1150,10000,0.95,synchronous_task_stratified_paired_examples,0.30869565217391304,0.2817391304347826,0.3347826086956522,0.23391304347826086,0.20956521739130435,0.2591304347826087,0.09304347826086956,0.07652173913043478,0.11043478260869566,0.36434782608695654,0.33652173913043476,0.39217391304347826,0.4017391304347826,0.3739130434782609,0.4304347826086956,0.5426086956521738,0.5139130434782608,0.5721739130434782,0.6356521739130434,0.6078260869565217,0.6634782608695652,0.5426086956521738,0.5139130434782608,0.5721739130434782,0.09304347826086956,0.07652173913043481,0.11043478260869566,0.2339130434782608,0.2095652173913043,0.2591304347826087,0.09304347826086956,0.07652173913043481,0.11043478260869566,0.14086956521739125,0.10869565217391308,0.17304347826086958,0.1408695652173913,0.10869565217391305,0.17304347826086958,fused
pair_seed_task,single_task,llama32_1b,44,openbookqa,1,1,1,500,500,10000,0.95,synchronous_task_stratified_paired_examples,0.274,0.236,0.314,0.248,0.21,0.286,0.122,0.094,0.152,0.356,0.314,0.398,0.396,0.354,0.44,0.522,0.478,0.5640000000000001,0.644,0.602,0.686,0.522,0.478,0.5640000000000001,0.122,0.09399999999999997,0.15200000000000002,0.248,0.21000000000000002,0.28600000000000003,0.122,0.09399999999999997,0.15200000000000002,0.126,0.07200000000000006,0.17800000000000005,0.126,0.07200000000000001,0.178,fused
pair_seed_task,single_task,llama32_1b,44,mmlu-redux,1,1,1,5615,5615,10000,0.95,synchronous_task_stratified_paired_examples,0.24167408726625111,0.23063223508459482,0.25289403383793413,0.19465716829919857,0.18432769367764915,0.20481300089047189,0.10863757791629564,0.1006233303650935,0.11682991985752449,0.45503116651825465,0.44220837043633127,0.4678539626001781,0.35031166518254675,0.33784505788067676,0.36313446126447013,0.4363312555654497,0.42368655387355303,0.4489759572573464,0.5449688334817453,0.5321460373998219,0.5577916295636688,0.4363312555654497,0.42368655387355303,0.4489759572573464,0.10863757791629558,0.10062333036509352,0.11682991985752444,0.19465716829919855,0.18432769367764923,0.20481300089047194,0.10863757791629558,0.10062333036509352,0.11682991985752444,0.08601959038290297,0.0719501335707925,0.10008904719501333,0.08601959038290294,0.07195013357079251,0.10008904719501335,fused
pair_seed,task_macro,llama32_1b,44,__all__,1,1,3,7265,7265,10000,0.95,synchronous_task_stratified_paired_examples,0.2747899131467214,0.25894067843638285,0.2916396040626169,0.22552340392581982,0.20992431052950816,0.24107637603727078,0.10789368539238839,0.096797914488882,0.11947897324712532,0.39179299753507035,0.3749110883115877,0.4090279324273749,0.3826835985391098,0.3650818156594009,0.40074884754862106,0.5003133170725412,0.48242500677533,0.5181217636506769,0.6082070024649296,0.5909720675726251,0.6250889116884123,0.5003133170725412,0.48242500677533,0.5181217636506769,0.10789368539238842,0.09679791448888202,0.11947897324712534,0.22552340392581982,0.20992431052950816,0.24107637603727067,0.10789368539238842,0.09679791448888202,0.11947897324712534,0.1176297185334314,0.09627339876366353,0.13824587608243963,0.11762971853343143,0.09627339876366359,0.1382458760824396,fused
pair_seed,sample_weighted,llama32_1b,44,__all__,1,1,3,7265,7265,10000,0.95,synchronous_task_stratified_paired_examples,0.25450791465932554,0.24459738472126633,0.26469373709566413,0.20454232622161045,0.19518238128011012,0.21362697866483138,0.1070887818306951,0.10006882312456986,0.11424638678596008,0.43386097728836887,0.42271163110805227,0.44514796971782516,0.36159669649002063,0.3505849965588438,0.37274604267033723,0.459050240880936,0.44748795595320023,0.47019958706125253,0.5661390227116311,0.5548520302821748,0.5772883688919477,0.459050240880936,0.44748795595320023,0.47019958706125253,0.10708878183069509,0.10006882312456988,0.11424638678596011,0.20454232622161045,0.19518238128011012,0.21362697866483138,0.10708878183069509,0.10006882312456988,0.11424638678596011,0.09745354439091536,0.08479008947006195,0.10984170681348931,0.09745354439091534,0.08479008947006195,0.10984170681348931,fused
pair_across_seeds,task_macro,llama32_1b,all,__all__,1,3,3,7265,21795,10000,0.95,seeds_with_synchronous_task_stratified_paired_examples,0.27596876035119866,0.2603468478583504,0.2922240246751068,0.2246214203672874,0.2089994366797011,0.24028947479362128,0.10671483818791108,0.09606532730221415,0.11777004142630376,0.3926949810936028,0.37508358176210205,0.4105921954650457,0.3826835985391097,0.36508181565940095,0.40074884754862106,0.500590180718486,0.4822509384369851,0.5186438865013916,0.6073050189063971,0.5894078045349542,0.624916418237898,0.500590180718486,0.4822509384369851,0.5186438865013916,0.10671483818791105,0.09606532730221409,0.11777004142630379,0.22462142036728738,0.20899943667970114,0.2402894747936213,0.10671483818791105,0.09606532730221409,0.11777004142630379,0.11790658217937633,0.09706977084328124,0.13906690391076348,0.11790658217937633,0.09706977084328122,0.1390669039107635,fused
pair_across_seeds,sample_weighted,llama32_1b,all,__all__,1,3,3,7265,21795,10000,0.95,seeds_with_synchronous_task_stratified_paired_examples,0.25950906171140165,0.2487267721954577,0.27075017205781143,0.20743289745354437,0.19518238128011012,0.22064693737095664,0.10208763477861894,0.09382885983023628,0.11020876347786189,0.4309704060564349,0.41624225739848586,0.4451020876347786,0.3615966964900206,0.3505849965588438,0.37274604267033723,0.466941959164946,0.4534514796971782,0.48121128699242943,0.569029593943565,0.5548979123652213,0.5837577426015141,0.466941959164946,0.4534514796971782,0.48121128699242943,0.10208763477861899,0.09382885983023626,0.11020876347786185,0.20743289745354443,0.19518238128011012,0.22064693737095664,0.10208763477861899,0.09382885983023626,0.11020876347786185,0.10534526267492544,0.09098417068134895,0.12044046799724706,0.10534526267492543,0.09098417068134894,0.12044046799724704,fused
seed_pair_balanced,task_macro,__all__,42,__all__,4,1,3,7265,29060,10000,0.95,pairs_with_synchronous_task_stratified_paired_examples,0.2967783112005885,0.27288865035425297,0.32239248244866875,0.21644250648495875,0.19609863944919795,0.23524712403370884,0.08590528733852129,0.06496801027914359,0.1069462348522978,0.4008738949759314,0.3801201656406881,0.42304062407242504,0.3826835985391098,0.36508181565940095,0.400748847548621,0.5132208176855473,0.4886728610928285,0.5410206024881593,0.5991261050240686,0.576959375927575,0.6198798343593119,0.5132208176855473,0.4886728610928285,0.5410206024881593,0.08590528733852132,0.06496801027914358,0.10694623485229782,0.21644250648495877,0.1960986394491979,0.23524712403370887,0.08590528733852132,0.06496801027914358,0.10694623485229782,0.13053721914643746,0.10373744886238985,0.1592057551589298,0.13053721914643746,0.10373744886238982,0.15920575515892985,fused
seed_pair_balanced,sample_weighted,__all__,42,__all__,4,1,3,7265,29060,10000,0.95,pairs_with_synchronous_task_stratified_paired_examples,0.2772883688919477,0.25705437026841016,0.2968349965588437,0.2019958706125258,0.17969717825189263,0.2244666207845836,0.08430832759807295,0.06627666896077081,0.102856159669649,0.4364074328974535,0.41338523743977973,0.46032432897453546,0.36159669649002063,0.3505849965588438,0.37274604267033723,0.4792842395044735,0.46001376462491395,0.5000688231245698,0.5635925671025465,0.5396756710254647,0.5866147625602202,0.4792842395044735,0.46001376462491395,0.5000688231245698,0.08430832759807294,0.06627666896077078,0.102856159669649,0.20199587061252583,0.17969717825189258,0.22446662078458357,0.08430832759807294,0.06627666896077078,0.102856159669649,0.11768754301445289,0.09793530626290431,0.1386467653131452,0.11768754301445285,0.09793530626290434,0.1386467653131452,fused
seed_pair_balanced,task_macro,__all__,43,__all__,4,1,3,7265,29060,10000,0.95,pairs_with_synchronous_task_stratified_paired_examples,0.29917596500058075,0.27752085494986256,0.32040206970201446,0.2053539303367016,0.17625136280924542,0.23504205592551008,0.08350763353852904,0.06751312913779085,0.10120975324893207,0.41196247112418855,0.3807029855007937,0.4433511032495773,0.38268359853910977,0.3650818156594009,0.400748847548621,0.5045298953372823,0.4803494253874844,0.5294396169680075,0.5880375288758114,0.5566488967504225,0.6192970144992063,0.5045298953372823,0.4803494253874844,0.5294396169680075,0.08350763353852908,0.06751312913779083,0.10120975324893206,0.20535393033670163,0.17625136280924536,0.23504205592551003,0.08350763353852908,0.06751312913779083,0.10120975324893206,0.12184629679817255,0.09691071470053043,0.14738251513157044,0.12184629679817256,0.0969107147005304,0.14738251513157047,fused
seed_pair_balanced,sample_weighted,__all__,43,__all__,4,1,3,7265,29060,10000,0.95,pairs_with_synchronous_task_stratified_paired_examples,0.2825189263592567,0.2643143496214728,0.3006194081211287,0.19050240880935992,0.16269700619408123,0.21786046111493462,0.07907777013076393,0.06397109428768066,0.09604353062629044,0.44790089470061945,0.4200963523743978,0.476292154163799,0.36159669649002063,0.3505849965588438,0.37274604267033723,0.4730213351686166,0.4561252580867171,0.4907441500344116,0.5520991052993806,0.523707845836201,0.5799036476256022,0.4730213351686166,0.4561252580867171,0.4907441500344116,0.07907777013076395,0.06397109428768066,0.09604353062629045,0.19050240880935992,0.16269700619408123,0.21786046111493468,0.07907777013076395,0.06397109428768066,0.09604353062629045,0.11142463867859598,0.09473417068134891,0.1294915691672402,0.11142463867859599,0.09473417068134894,0.1294915691672402,fused
seed_pair_balanced,task_macro,__all__,44,__all__,4,1,3,7265,29060,10000,0.95,pairs_with_synchronous_task_stratified_paired_examples,0.29604161988462585,0.26025619845909637,0.3333166634403189,0.19080075367480995,0.11246257614180444,0.23926203911623886,0.08664197865448398,0.0520550634299947,0.1206137544039645,0.4265156477860802,0.376696632015693,0.5048397192432278,0.3826835985391098,0.3650818156594009,0.40074884754862106,0.4868423735594358,0.4362976733193955,0.5314498783666938,0.5734843522139198,0.4951602807567721,0.623303367984307,0.4868423735594358,0.4362976733193955,0.5314498783666938,0.08664197865448398,0.05205506342999466,0.1206137544039645,0.19080075367480998,0.11246257614180444,0.23926203911623892,0.08664197865448398,0.05205506342999466,0.1206137544039645,0.104158775020326,0.052716928000825974,0.14967509727438152,0.10415877502032597,0.052716928000825954,0.14967509727438147,fused
seed_pair_balanced,sample_weighted,__all__,44,__all__,4,1,3,7265,29060,10000,0.95,pairs_with_synchronous_task_stratified_paired_examples,0.2776668960770819,0.249482966276669,0.3098417068134893,0.17797660013764627,0.10268410185822437,0.22374397797660014,0.08392980041293874,0.05395732966276669,0.11149432209222299,0.46042670337233305,0.4136596696490021,0.535788885065382,0.36159669649002063,0.3505849965588438,0.37274604267033723,0.45564349621472816,0.4091878871300757,0.49573382656572607,0.539573296627667,0.464211114934618,0.586340330350998,0.45564349621472816,0.4091878871300757,0.49573382656572607,0.0839298004129388,0.05395732966276667,0.11149432209222299,0.17797660013764632,0.10268410185822435,0.22374397797660012,0.0839298004129388,0.05395732966276667,0.11149432209222299,0.09404679972470753,0.048279421885753626,0.13427391603578798,0.09404679972470753,0.04827942188575362,0.134273916035788,fused
task_pair_balanced,single_task,__all__,all,ai2-arc,4,3,1,1150,13800,10000,0.95,pairs_then_seeds_with_synchronous_task_stratified_paired_examples,0.32231884057971016,0.2918840579710145,0.3535507246376811,0.22746376811594202,0.18000000000000002,0.2688405797101449,0.07942028985507246,0.058695652173913045,0.10217391304347825,0.37079710144927536,0.3281865942028986,0.4200724637681159,0.4017391304347826,0.3739130434782609,0.4304347826086956,0.5497826086956522,0.5062300724637682,0.5960869565217392,0.6292028985507246,0.5799275362318842,0.6718134057971015,0.5497826086956522,0.5062300724637682,0.5960869565217392,0.07942028985507243,0.05869565217391304,0.10217391304347823,0.22746376811594204,0.18000000000000005,0.2688405797101449,0.07942028985507243,0.05869565217391304,0.10217391304347823,0.1480434782608696,0.10267934782608694,0.19572463768115933,0.14804347826086955,0.10267934782608694,0.19572463768115939,fused
task_pair_balanced,single_task,__all__,all,openbookqa,4,3,1,500,6000,10000,0.95,pairs_then_seeds_with_synchronous_task_stratified_paired_examples,0.30133333333333334,0.2555,0.34950000000000003,0.2038333333333333,0.15516666666666667,0.24666666666666665,0.09466666666666666,0.06266666666666668,0.13016666666666665,0.4001666666666667,0.352,0.45399999999999996,0.396,0.354,0.44,0.5051666666666667,0.4598333333333333,0.552,0.5998333333333333,0.546,0.648,0.5051666666666667,0.4598333333333333,0.552,0.09466666666666668,0.06266666666666665,0.13016666666666665,0.2038333333333333,0.15516666666666667,0.2466666666666667,0.09466666666666668,0.06266666666666665,0.13016666666666665,0.10916666666666663,0.06,0.15766666666666673,0.10916666666666665,0.06,0.15766666666666668,fused
task_pair_balanced,single_task,__all__,all,mmlu-redux,4,3,1,5615,67380,10000,0.95,pairs_then_seeds_with_synchronous_task_stratified_paired_examples,0.26834372217275154,0.2473415701988721,0.290532428020184,0.181300089047195,0.13867393885425944,0.21107190560997327,0.0819679430097952,0.061412511130899385,0.10163253190857821,0.4683882457702582,0.4368944790739092,0.5119920599584445,0.35031166518254675,0.33784505788067676,0.36313446126447013,0.44964381121994657,0.42199428613831996,0.47387986049272784,0.5316117542297417,0.4880079400415554,0.5631055209260909,0.44964381121994657,0.42199428613831996,0.47387986049272784,0.08196794300979515,0.06141251113089937,0.10163253190857818,0.18130008904719497,0.1386739388542594,0.21107190560997333,0.08196794300979515,0.06141251113089937,0.10163253190857818,0.09933214603739982,0.07208370436331257,0.12386539032353812,0.0993321460373998,0.07208370436331256,0.12386539032353815,fused
pair_balanced,task_macro,__all__,all,__all__,4,3,3,7265,87180,10000,0.95,pairs_then_seeds_with_synchronous_task_stratified_paired_examples,0.2973319653619317,0.27163764287342823,0.3229660662433698,0.20419906349882344,0.16136441112702776,0.23513942516164002,0.0853516331771781,0.06343839568787883,0.10756110261506231,0.41311733796206673,0.38070339379508816,0.4566834500733456,0.38268359853910977,0.3650818156594009,0.400748847548621,0.5015310288607551,0.4695827098954232,0.533265221908191,0.5868826620379332,0.5433165499266542,0.6192966062049117,0.5015310288607551,0.4695827098954232,0.533265221908191,0.08535163317717809,0.06343839568787879,0.10756110261506234,0.20419906349882339,0.16136441112702776,0.23513942516164005,0.08535163317717809,0.06343839568787879,0.10756110261506234,0.1188474303216453,0.08620406143396096,0.1513803179350515,0.11884743032164534,0.08620406143396098,0.15138031793505147,fused
pair_balanced,sample_weighted,__all__,all,__all__,4,3,3,7265,87180,10000,0.95,pairs_then_seeds_with_synchronous_task_stratified_paired_examples,0.2791580637760954,0.2582926129846295,0.30082587749483825,0.19015829318651062,0.14825504702913514,0.2184001491167699,0.08243863271392521,0.062318192245927974,0.10201909841706812,0.44824501032346864,0.41898371186051847,0.49071117228722183,0.36159669649002063,0.3505849965588438,0.37274604267033723,0.46931635696260604,0.4415347556779078,0.49466649460885526,0.5517549896765312,0.5092888277127782,0.5810162881394815,0.46931635696260604,0.4415347556779078,0.49466649460885526,0.08243863271392521,0.06231819224592794,0.10201909841706806,0.19015829318651062,0.14825504702913508,0.21840014911676994,0.08243863271392521,0.06231819224592794,0.10201909841706806,0.10771966047258541,0.07963953888506538,0.13323067217251658,0.10771966047258541,0.0796395388850654,0.13323067217251663,fused
pair_balanced,task_macro,__heterogeneous__,all,__all__,3,3,3,7265,65385,10000,0.95,pairs_then_seeds_with_synchronous_task_stratified_paired_examples,0.2924663377226,0.2652567929674225,0.3232624110424257,0.19543948447266418,0.14432009527046114,0.2316801473508818,0.09021726081650971,0.062391762632584974,0.11458711124303288,0.42187691698822594,0.3843753479795178,0.4740055568460946,0.3826835985391097,0.3650818156594009,0.400748847548621,0.4879058221952642,0.45877526473974845,0.5112152463567364,0.5781230830117738,0.5259944431539053,0.6156246520204822,0.4879058221952642,0.45877526473974845,0.5112152463567364,0.09021726081650966,0.062391762632585016,0.11458711124303288,0.19543948447266413,0.14432009527046116,0.23168014735088172,0.09021726081650966,0.062391762632585016,0.11458711124303288,0.10522222365615447,0.07565890737227607,0.13036767565312027,0.10522222365615447,0.07565890737227607,0.13036767565312027,fused
pair_balanced,sample_weighted,__heterogeneous__,all,__all__,3,3,3,7265,65385,10000,0.95,pairs_then_seeds_with_synchronous_task_stratified_paired_examples,0.2761489638296245,0.252534985088323,0.30413703448803237,0.1820295174734266,0.13038120363997857,0.21797086487726544,0.08544773266039613,0.05811577578955418,0.10701231169228416,0.45637378603655265,0.4197136193316509,0.5091098875888965,0.36159669649002063,0.3505849965588438,0.37274604267033723,0.4581784813030511,0.4300676760724937,0.4781069817236369,0.5436262139634472,0.4908901124111035,0.5802863806683489,0.4581784813030511,0.4300676760724937,0.4781069817236369,0.08544773266039613,0.05811577578955418,0.1070123116922842,0.1820295174734266,0.13038120363997857,0.21797086487726547,0.08544773266039613,0.05811577578955418,0.1070123116922842,0.09658178481303048,0.0688227422191634,0.11709107593484747,0.09658178481303048,0.06882274221916342,0.11709107593484741,fused
